"Post Unique Reference","Name","Grade (or equivalent)","Job Title","Job/Team Function","Parent Department","Organisation","Unit","Contact Phone","Contact E-mail","Reports to Senior Post","Salary Cost of Reports (£)","FTE","Actual Pay Floor (£)","Actual Pay Ceiling (£)","","Professional/Occupational Group","Office Region","Notes","Valid?"
"200319","Paul Kissack","SCS4","Permanent Secretary","Permanent Secretary","Department for Environment Food & Rural Affairs","Department for Environment, Food and Rural Affairs","MINISTERIAL, GROWTH AND RESILIENCE DIRECTORATE","03459 33 55 77","defra.helpline@defra.gsi.gov.uk","XX","895716","1.00","180000","180000","","Missing Data","YORKSHIRE AND THE HUMBER","","1"
"200033","Lucy Smith","SCS3","SIFFG Office","Missing Data","Department for Environment Food & Rural Affairs","Department for Environment, Food and Rural Affairs","STRATEGY AND WATER DG OFFICES DIRECTORATE","03459 33 55 77","defra.helpline@defra.gsi.gov.uk","200319","0","1.00","150000","150000","","Missing Data","LONDON","","1"
"200307","Kate Davies","SCS3","ERG Office","Missing Data","Department for Environment Food & Rural Affairs","Department for Environment, Food and Rural Affairs","ENVIRONMENT DG OFFICE DIRECTORATE","03459 33 55 77","defra.helpline@defra.gsi.gov.uk","200206","0","1.00","130000","130000","","Missing Data","LONDON","","1"
"200007","Sarah Homer","SCS3","COODG Office","Unknown","Department for Environment Food & Rural Affairs","Department for Environment, Food and Rural Affairs","COOD DG OFFICE DIRECTORATE","03459 33 55 77","defra.helpline@defra.gsi.gov.uk","200319","6368272","1.00","170000","170000","","Operational Delivery","WEST MIDLANDS","","1"
"200202","David Hill","SCS3","DEF STRATEGY DG OFFICE","Missing Data","Department for Environment Food & Rural Affairs","Department for Environment, Food and Rural Affairs","STRATEGY AND WATER DG OFFICES DIRECTORATE","03459 33 55 77","defra.helpline@defra.gsi.gov.uk","200319","593205","1.00","150000","150000","","Missing Data","LONDON","","1"
"200206","Sara Randall","SCS3","ERG Office","No Function","Department for Environment Food & Rural Affairs","Department for Environment, Food and Rural Affairs","ENVIRONMENT DG OFFICE DIRECTORATE","03459 33 55 77","defra.helpline@defra.gsi.gov.uk","200319","1213067","1.00","130000","130000","","Policy","LONDON","","1"
"200268","Emily Miles","SCS3","DEF FFAPH OFFICE","Missing Data","Department for Environment Food & Rural Affairs","Department for Environment, Food and Rural Affairs","FOOD BIOSECURITY AND TRADE DG OFFICE DIRECTORATE","03459 33 55 77","defra.helpline@defra.gsi.gov.uk","200319","1144916","1.00","140000","140000","","Missing Data","LONDON","","1"
"200297","Anjali Goswami","SCS3","DEF SCIENCE AND ANALYSIS DG OFFICE","Missing Data","Department for Environment Food & Rural Affairs","Department for Environment, Food and Rural Affairs","SCIENCE, DATA AND ANALYSIS DG OFFICE DIRECTORATE","03459 33 55 77","defra.helpline@defra.gsi.gov.uk","200319","2823626","0.81","145000","145000","","Missing Data","LONDON","","1"
"200006","Rachel Irving","SCS2","DEF SPS, TBT, ANIMAL WELFARE, GIS AND ENVIRONMENT TEAM","Missing Data","Department for Environment Food & Rural Affairs","Department for Environment, Food and Rural Affairs","EU AND INTERNATIONAL TRADE DIRECTORATE","03459 33 55 77","defra.helpline@defra.gsi.gov.uk","200268","0","1.00","100000","100000","","Missing Data","LONDON","","1"
"200117","Christine Middlemiss","SCS2","CVO Office","No Function","Department for Environment Food & Rural Affairs","Department for Environment, Food and Rural Affairs","ANIMAL AND PLANT HEALTH DIRECTORATE","03459 33 55 77","defra.helpline@defra.gsi.gov.uk","200268","0","1.00","140000","140000","","Veterinary","LONDON","","1"
"200165","Clare Jeffreys","SCS2","DEF EA BUSINESS FINANCE HEAD OFFICE","Finance","Department for Environment Food & Rural Affairs","Department for Environment, Food and Rural Affairs","FINANCE DIRECTORATE","03459 33 55 77","defra.helpline@defra.gsi.gov.uk","200075","2105434","1.00","85000","85000","","Finance","NORTH EAST","","1"
"200259","Susan Bateman","SCS2","DEF OFFICE OF THE CHIEF DATA OFFICER","Digital Data and Technology","Department for Environment Food & Rural Affairs","Department for Environment, Food and Rural Affairs","OFFICE OF THE CHIEF DATA OFFICER DIRECTORATE","03459 33 55 77","defra.helpline@defra.gsi.gov.uk","200297","1538697","1.00","125000","125000","","Digital  Data and Technology","LONDON","","1"
"200270","Einav Ben-Yehuda","SCS2","DEF COMMERCIAL DIRECTORATE","Policy Profession","Department for Environment Food & Rural Affairs","Department for Environment, Food and Rural Affairs","DEF COMMERCIAL DIRECTORATE","03459 33 55 77","defra.helpline@defra.gsi.gov.uk","200007","1674797","1.00","130000","130000","","Policy Profession","LONDON","","1"
"200292","Andrew Mayes","SCS2","DEF GCS STRATEGY, PARTNERSHIPS AND OPERATIONS DIRECTORATE","Policy Profession","Department for Environment Food & Rural Affairs","Department for Environment, Food and Rural Affairs","DEF GCS STRATEGY, PARTNERSHIPS AND OPERATIONS DIRECTORATE","03459 33 55 77","defra.helpline@defra.gsi.gov.uk","200007","70014","1.00","130000","130000","","Policy Profession","EAST OF ENGLAND","","1"
"200029","Colin Dingwall","SCS2","DEF SCIENCE PROJECTS - MASTERPLAN / SCAH","Project Delivery","Department for Environment Food & Rural Affairs","Department for Environment, Food and Rural Affairs","NATIONAL BIOSECURITY CENTRE DIRECTORATE","03459 33 55 77","defra.helpline@defra.gsi.gov.uk","200007","1345513","1.00","110000","110000","","Project Management Delivery","LONDON","","1"
"200054","Christopher Hobley","SCS2","Strategy Unit","Missing Data","Department for Environment Food & Rural Affairs","Department for Environment, Food and Rural Affairs","GROUP STRATEGY DIRECTORATE","03459 33 55 77","defra.helpline@defra.gsi.gov.uk","200202","1395017","1.00","115000","115000","","Missing Data","LONDON","","1"
"200067","Emma Campbell","SCS2","Office of the Director of Analysis","Analysis","Department for Environment Food & Rural Affairs","Department for Environment, Food and Rural Affairs","ANALYSIS DIRECTORATE","03459 33 55 77","defra.helpline@defra.gsi.gov.uk","200297","456987","1.00","110000","110000","","Economic","LONDON","","1"
"200075","Iain King","SCS2","DEF DEFRA GROUP FINANCE - CFO","Finance","Department for Environment Food & Rural Affairs","Department for Environment, Food and Rural Affairs","FINANCE DIRECTORATE","03459 33 55 77","defra.helpline@defra.gsi.gov.uk","200007","1398350","1.00","130000","130000","","Finance","LONDON","","1"
"200077","Charlotte Baker","SCS2","DEF AFC FOOD STRATEGY","No Function","Department for Environment Food & Rural Affairs","Department for Environment, Food and Rural Affairs","AGRI FOOD CHAIN DIRECTORATE","03459 33 55 77","defra.helpline@defra.gsi.gov.uk","200268","2479382","0.69","110000","110000","","Policy","LONDON","","1"
"200083","Pamela Thompson","SCS2","Director: Animal and Plant Health","No Function","Department for Environment Food & Rural Affairs","Department for Environment, Food and Rural Affairs","ANIMAL AND PLANT HEALTH DIRECTORATE","03459 33 55 77","defra.helpline@defra.gsi.gov.uk","200268","6216967","1.00","100000","100000","","Policy","NORTH WEST","","1"
"200087","Tessa Jones","SCS2","DEF AFC FOOD STRATEGY","No Function","Department for Environment Food & Rural Affairs","Department for Environment, Food and Rural Affairs","AGRI FOOD CHAIN DIRECTORATE","03459 33 55 77","defra.helpline@defra.gsi.gov.uk","200268","347610","0.69","110000","110000","","Policy","LONDON","","1"
"200091","Gareth Baynham-Hughes","SCS2","DEF MARINE DIRECTOR AND SUPPORT","No Function","Department for Environment Food & Rural Affairs","Department for Environment, Food and Rural Affairs","MARINE AND FISHERIES DIRECTORATE","03459 33 55 77","defra.helpline@defra.gsi.gov.uk","200206","622279","1.00","110000","110000","","Policy","LONDON","","1"
"200092","Mike Rowe","SCS2","DEF FFCP DIRECTORS OFFICE","Missing Data","Department for Environment Food & Rural Affairs","Department for Environment, Food and Rural Affairs","ENVIRONMENTAL LAND MANAGEMENT DIRECTORATE","03459 33 55 77","defra.helpline@defra.gsi.gov.uk","200268","2297143","1.00","110000","110000","","Missing Data","LONDON","","1"
"200135","Toby Nation","SCS2","EQ Portfolio Office","No Function","Department for Environment Food & Rural Affairs","Department for Environment, Food and Rural Affairs","ENVIRONMENT QUALITY DIRECTORATE","03459 33 55 77","defra.helpline@defra.gsi.gov.uk","200206","3837961","0.92","115000","115000","","Policy","LONDON","","1"
"200139","Sebastian Catovsky","SCS2","Water Ongoing Activities - Corporate Support","Missing Data","Department for Environment Food & Rural Affairs","Department for Environment, Food and Rural Affairs","WATER AND FLOOD MANAGEMENT DIRECTORATE","03459 33 55 77","defra.helpline@defra.gsi.gov.uk","200202","450694","1.00","100000","100000","","Missing Data","LONDON","","1"
"200140","Deborah Hankins","SCS2","Natural Environment Policy Directors Office","No Function","Department for Environment Food & Rural Affairs","Department for Environment, Food and Rural Affairs","BIODIVERSITY, LAND USE & INVESTMENT DIRECTORATE","03459 33 55 77","defra.helpline@defra.gsi.gov.uk","200206","440128","1.00","110000","110000","","Policy","LONDON","","1"
"200149","Nicola Bettesworth","SCS2","DEF HR PRIVATE OFFICE","Human Resources","Department for Environment Food & Rural Affairs","Department for Environment, Food and Rural Affairs","HUMAN RESOURCES DIRECTORATE","03459 33 55 77","defra.helpline@defra.gsi.gov.uk","200007","1273552","1.00","130000","130000","","Human Resources","SOUTH EAST","","1"
"200157","Christopher Howes","SCS2","DEF GIO Resources","Digital Data and Technology","Department for Environment Food & Rural Affairs","Department for Environment, Food and Rural Affairs","DIGITAL, DATA, TECHNOLOGY AND SECURITY DIRECTORATE","03459 33 55 77","defra.helpline@defra.gsi.gov.uk","200007","670012","1.00","150000","150000","","Digital  Data and Technology","SOUTH WEST","","1"
"200160","Colin Banno-Thornton","SCS2","DEF DDTS - CROSS CUTTING NON-TECHNICAL","Digital Data and Technology","Department for Environment Food & Rural Affairs","Department for Environment, Food and Rural Affairs","DIGITAL, DATA, TECHNOLOGY AND SECURITY DIRECTORATE","03459 33 55 77","defra.helpline@defra.gsi.gov.uk","200157","1919136","1.00","110000","110000","","Digital  Data and Technology","NORTH WEST","","1"
"200180","Emma Bourne","SCS2","DEF RESOURCE AND WASTE DIRECTORS OFFICE","No Function","Department for Environment Food & Rural Affairs","Department for Environment, Food and Rural Affairs","CIRCULAR ECONOMY DIRECTORATE","03459 33 55 77","defra.helpline@defra.gsi.gov.uk","200206","1286320","1.00","110000","110000","","Policy","LONDON","","1"
"200181","Edward Parry","SCS2","DEF GIO Resources","Digital Data and Technology","Department for Environment Food & Rural Affairs","Department for Environment, Food and Rural Affairs","DIGITAL, DATA, TECHNOLOGY AND SECURITY DIRECTORATE","03459 33 55 77","defra.helpline@defra.gsi.gov.uk","200157","13930367","1.00","110000","110000","","Digital  Data and Technology","SOUTH WEST","","1"
"200184","Andrea Ledward","SCS2","DEF IBC DIRECTORATE SUPPORT","No Function","Department for Environment Food & Rural Affairs","Department for Environment, Food and Rural Affairs","INTERNATIONAL BIODIVERSITY AND CLIMATE DIRECTORATE","03459 33 55 77","defra.helpline@defra.gsi.gov.uk","200206","2104636","1.00","110000","110000","","Policy","LONDON","","1"
"200191","Mark Thompson","SCS2","DEF NID DIRECTOR'S OFFICE","Project Delivery","Department for Environment Food & Rural Affairs","Department for Environment, Food and Rural Affairs","TRADE DELIVERY DIRECTORATE","03459 33 55 77","defra.helpline@defra.gsi.gov.uk","200268","1109126","1.00","110000","110000","","Policy","LONDON","","1"
"200203","Helen Johnston","SCS2","DEF COO & DG OFFICE WORKFORCE","Property","Department for Environment Food & Rural Affairs","Department for Environment, Food and Rural Affairs","DEFRA GROUP PROPERTY DIRECTORATE","03459 33 55 77","defra.helpline@defra.gsi.gov.uk","200007","793930","1.00","100000","100000","","Project Management Delivery","NORTH EAST","","1"
"200205","Rebecca Shrubsole","SCS2","DEF MINISTERIAL, GROWTH AND RESILIENCE DIRECTOR","Missing Data","Department for Environment Food & Rural Affairs","Department for Environment, Food and Rural Affairs","MINISTERIAL, GROWTH AND RESILIENCE DIRECTORATE","03459 33 55 77","defra.helpline@defra.gsi.gov.uk","200202","596588","1.00","110000","110000","","Missing Data","LONDON","","1"
"200207","Edward Barker","SCS2","DEF EU EXIT ENV GOV BODY AND STATEMENT OF ENV PRINCIPLES","No Function","Department for Environment Food & Rural Affairs","Department for Environment, Food and Rural Affairs","STRATEGY, GOVERNANCE & CLIMATE DIRECTORATE","03459 33 55 77","defra.helpline@defra.gsi.gov.uk","200206","2723596","1.00","110000","110000","","Policy","LONDON","","1"
"200210","David Hallam","SCS2","Water Ongoing Activities - Corporate Support","Unknown","Department for Environment Food & Rural Affairs","Department for Environment, Food and Rural Affairs","WATER AND FLOOD MANAGEMENT DIRECTORATE","03459 33 55 77","defra.helpline@defra.gsi.gov.uk","200202","616835","1.00","115000","115000","","Policy","LONDON","","1"
"200231","Christian Cubitt","SCS2","Comms Director and Support","Communications","Department for Environment Food & Rural Affairs","Department for Environment, Food and Rural Affairs","COMMUNICATIONS DIRECTORATE","03459 33 55 77","defra.helpline@defra.gsi.gov.uk","200202","519833","1.00","135000","135000","","Communications","LONDON","","1"
"200321","Lyndsay Rooney","SCS2","DEF ENABLING PROGRAMMES","Missing Data","Department for Environment Food & Rural Affairs","Department for Environment, Food and Rural Affairs","CHANGE DELIVERY DIRECTORATE","03459 33 55 77","defra.helpline@defra.gsi.gov.uk","200007","372661","1.00","120000","120000","","Missing Data","LONDON","","1"
"200237","Kate Smaldon","SCS2","Finance Director and Admin Support","Finance","Department for Environment Food & Rural Affairs","Department for Environment, Food and Rural Affairs","FINANCE DIRECTORATE","03459 33 55 77","defra.helpline@defra.gsi.gov.uk","200075","596912","1.00","110000","110000","","Finance","WEST MIDLANDS","","1"
"200264","Misha Anand","SCS2","DEF Strat Business Relationship Man","Digital Data and Technology","Department for Environment Food & Rural Affairs","Department for Environment, Food and Rural Affairs","DIGITAL, DATA, TECHNOLOGY AND SECURITY DIRECTORATE","03459 33 55 77","defra.helpline@defra.gsi.gov.uk","200157","343761","1.00","145000","145000","","Digital  Data and Technology","LONDON","","1"
"200267","Kirsten Wildgoose","SCS2","DEF PORTFOLIO OFFICE - PORTFOLIO MANAGEMENT OFFICE","Project Delivery","Department for Environment Food & Rural Affairs","Department for Environment, Food and Rural Affairs","PORTFOLIO DIRECTORATE","03459 33 55 77","defra.helpline@defra.gsi.gov.uk","200007","173193","1.00","120000","120000","","Project Management Delivery","LONDON","","1"
"200301","Jeremy Blake","SCS2","DEF EPR SCHEME ADMINISTRATOR","Missing Data","Department for Environment Food & Rural Affairs","Department for Environment, Food and Rural Affairs","PEPR DIRECTORATE","03459 33 55 77","defra.helpline@defra.gsi.gov.uk","200206","213833","1.00","135000","135000","","Missing Data","LONDON","","1"
"200316","Sophie Brice","SCS2","DEF TRADE ANALYSIS, PROJECT DELIVERY & SUPPORT","Missing Data","Department for Environment Food & Rural Affairs","Department for Environment, Food and Rural Affairs","EU AND INTERNATIONAL TRADE DIRECTORATE","03459 33 55 77","defra.helpline@defra.gsi.gov.uk","200268","421778","1.00","100000","100000","","Missing Data","LONDON","","1"
"200004","N/D","SCS1","Animal and Plant Health Evidence Analysis","Analysis","Department for Environment Food & Rural Affairs","Department for Environment, Food and Rural Affairs","ANIMAL AND PLANT HEALTH DIRECTORATE","03459 33 55 77","defra.helpline@defra.gsi.gov.uk","200083","1533308","1.00","N/A","N/A","","Social Research","LONDON","","1"
"200005","N/D","SCS1","DEF EUDP STRATEGY, LEGISLATION AND ENGAGEMENT","Project Delivery","Department for Environment Food & Rural Affairs","Department for Environment, Food and Rural Affairs","TRADE DELIVERY DIRECTORATE","03459 33 55 77","defra.helpline@defra.gsi.gov.uk","200191","1031161","1.00","N/A","N/A","","Policy","LONDON","","1"
"200008","N/D","SCS1","Water Programme - Water Quality","Project Delivery","Department for Environment Food & Rural Affairs","Department for Environment, Food and Rural Affairs","WATER AND FLOOD MANAGEMENT DIRECTORATE","03459 33 55 77","defra.helpline@defra.gsi.gov.uk","200139","0","1.00","N/A","N/A","","Policy","UNKNOWN","","1"
"200010","N/D","SCS1","DEF HRBP POLICY & EVIDENCE","Human Resources","Department for Environment Food & Rural Affairs","Department for Environment, Food and Rural Affairs","HUMAN RESOURCES DIRECTORATE","03459 33 55 77","defra.helpline@defra.gsi.gov.uk","200149","426646","1.00","N/A","N/A","","Human Resources","LONDON","","1"
"200011","N/D","SCS1","DEF FFAPH OFFICE","Project Delivery","Department for Environment Food & Rural Affairs","Department for Environment, Food and Rural Affairs","FOOD BIOSECURITY AND TRADE DG OFFICE DIRECTORATE","03459 33 55 77","defra.helpline@defra.gsi.gov.uk","200077","0","1.00","N/A","N/A","","Policy","LONDON","","1"
"200012","N/D","SCS1","DEF NORTHERN IRELAND STRATEGY AND SERVICES","Project Delivery","Department for Environment Food & Rural Affairs","Department for Environment, Food and Rural Affairs","TRADE DELIVERY DIRECTORATE","03459 33 55 77","defra.helpline@defra.gsi.gov.uk","200191","1560757","1.00","N/A","N/A","","Project Management Delivery","SOUTH WEST","","1"
"200014","N/D","SCS1","Environment analysis unit","Analysis","Department for Environment Food & Rural Affairs","Department for Environment, Food and Rural Affairs","STRATEGY, GOVERNANCE & CLIMATE DIRECTORATE","03459 33 55 77","defra.helpline@defra.gsi.gov.uk","200207","1773723","1.00","N/A","N/A","","Geography","LONDON","","1"
"200015","N/D","SCS1","Air Quality","Missing Data","Department for Environment Food & Rural Affairs","Department for Environment, Food and Rural Affairs","ENVIRONMENT QUALITY DIRECTORATE","03459 33 55 77","defra.helpline@defra.gsi.gov.uk","200135","1034880","1.00","N/A","N/A","","Missing Data","LONDON","","1"
"200017","N/D","SCS1","DEF FFCP DIRECTORS OFFICE","No Function","Department for Environment Food & Rural Affairs","Department for Environment, Food and Rural Affairs","ENVIRONMENTAL LAND MANAGEMENT DIRECTORATE","03459 33 55 77","defra.helpline@defra.gsi.gov.uk","200092","1237591","0.50","N/A","N/A","","Policy","UNKNOWN","","1"
"200018","N/D","SCS1","HR Business Partners","Human Resources","Department for Environment Food & Rural Affairs","Department for Environment, Food and Rural Affairs","HUMAN RESOURCES DIRECTORATE","03459 33 55 77","defra.helpline@defra.gsi.gov.uk","200149","0","1.00","N/A","N/A","","Human Resources","LONDON","","1"
"200019","N/D","SCS1","DEF F&W - WATER ENVIRONMENT & PUBLIC HEALTH","Missing Data","Department for Environment Food & Rural Affairs","Department for Environment, Food and Rural Affairs","WATER AND FLOOD MANAGEMENT DIRECTORATE","03459 33 55 77","defra.helpline@defra.gsi.gov.uk","200139","2442028","1.00","N/A","N/A","","Missing Data","LONDON","","1"
"200020","N/D","SCS1","DEF FFCP POLICY ENGAGEMENT & STRATEGY","Analysis","Department for Environment Food & Rural Affairs","Department for Environment, Food and Rural Affairs","ENVIRONMENTAL LAND MANAGEMENT DIRECTORATE","03459 33 55 77","defra.helpline@defra.gsi.gov.uk","200092","3030007","1.00","N/A","N/A","","Economic","LONDON","","1"
"200021","N/D","SCS1","DEF APHA Finance","Finance","Department for Environment Food & Rural Affairs","Department for Environment, Food and Rural Affairs","FINANCE DIRECTORATE","03459 33 55 77","defra.helpline@defra.gsi.gov.uk","200075","746526","1.00","N/A","N/A","","Finance","WEST MIDLANDS","","1"
"200025","N/D","SCS1","DEF FLS-ODA STAFF HUB AND IBF","No Function","Department for Environment Food & Rural Affairs","Department for Environment, Food and Rural Affairs","OFFICIAL DEVELOPMENT ASSISTANCE DIRECTORATE","03459 33 55 77","defra.helpline@defra.gsi.gov.uk","200184","1913044","0.97","N/A","N/A","","Policy","LONDON","","1"
"200026","N/D","SCS1","DEF FLS-ODA STAFF HUB AND IBF","No Function","Department for Environment Food & Rural Affairs","Department for Environment, Food and Rural Affairs","OFFICIAL DEVELOPMENT ASSISTANCE DIRECTORATE","03459 33 55 77","defra.helpline@defra.gsi.gov.uk","200184","0","0.71","N/A","N/A","","Policy","LONDON","","1"
"200028","N/D","SCS1","DEF AFC FOOD STRATEGY","No Function","Department for Environment Food & Rural Affairs","Department for Environment, Food and Rural Affairs","AGRI FOOD CHAIN DIRECTORATE","03459 33 55 77","defra.helpline@defra.gsi.gov.uk","200077","168291","1.00","N/A","N/A","","Policy","LONDON","","1"
"200031","N/D","SCS1","DEF EMERGENCY OPERATIONS CENTRE - COVID19","Missing Data","Department for Environment Food & Rural Affairs","Department for Environment, Food and Rural Affairs","MINISTERIAL, GROWTH AND RESILIENCE DIRECTORATE","03459 33 55 77","defra.helpline@defra.gsi.gov.uk","200205","3486350","1.00","N/A","N/A","","Missing Data","LONDON","","1"
"200036","N/D","SCS1","DEF PORTFOLIO PROJECT COEX","Project Delivery","Department for Environment Food & Rural Affairs","Department for Environment, Food and Rural Affairs","PORTFOLIO DIRECTORATE","03459 33 55 77","defra.helpline@defra.gsi.gov.uk","200267","1959499","1.00","N/A","N/A","","Project Management Delivery","UNKNOWN","","1"
"200038","N/D","SCS1","DEF FUTURE FARMING AND COUNTRYSIDE INITIATIVE","Digital Data and Technology","Department for Environment Food & Rural Affairs","Department for Environment, Food and Rural Affairs","DIGITAL, DATA, TECHNOLOGY AND SECURITY DIRECTORATE","03459 33 55 77","defra.helpline@defra.gsi.gov.uk","200160","0","1.00","N/A","N/A","","Digital  Data and Technology","LONDON","","1"
"200040","N/D","SCS1","DEF NATURE RESTORATION FUND","No Function","Department for Environment Food & Rural Affairs","Department for Environment, Food and Rural Affairs","BIODIVERSITY, LAND USE & INVESTMENT DIRECTORATE","03459 33 55 77","defra.helpline@defra.gsi.gov.uk","200140","1054551","1.00","N/A","N/A","","Policy","LONDON","","1"
"200045","N/D","SCS1","DEF DDTS CHIEF OPERATING OFFICE","Digital Data and Technology","Department for Environment Food & Rural Affairs","Department for Environment, Food and Rural Affairs","DIGITAL, DATA, TECHNOLOGY AND SECURITY DIRECTORATE","03459 33 55 77","defra.helpline@defra.gsi.gov.uk","200157","3310980","1.00","N/A","N/A","","Communications","SOUTH EAST","","1"
"200047","N/D","SCS1","DEF TARIFFS, RULES OF ORIGIN AND INTERNATIONAL FOOD SECURITY","Unknown","Department for Environment Food & Rural Affairs","Department for Environment, Food and Rural Affairs","EU AND INTERNATIONAL TRADE DIRECTORATE","03459 33 55 77","defra.helpline@defra.gsi.gov.uk","200316","3512687","1.00","N/A","N/A","","International Trade and Negotiation","LONDON","","1"
"200048","N/D","SCS1","DEF PORTFOLIO IMPROVING CUSTOMER DELIVERY","Unknown","Department for Environment Food & Rural Affairs","Department for Environment, Food and Rural Affairs","CHANGE DELIVERY DIRECTORATE","03459 33 55 77","defra.helpline@defra.gsi.gov.uk","200231","755911","1.00","N/A","N/A","","Operational Delivery","YORKSHIRE AND THE HUMBER","","1"
"200049","N/D","SCS1","DEF BUILD WORKFORCE","Property","Department for Environment Food & Rural Affairs","Department for Environment, Food and Rural Affairs","DEFRA GROUP PROPERTY DIRECTORATE","03459 33 55 77","defra.helpline@defra.gsi.gov.uk","200203","2465058","1.00","N/A","N/A","","Property","NORTH EAST","","1"
"200050","N/D","SCS1","DEF ENVIRONMENT GROUP FBP TEAM (CORE)","Finance","Department for Environment Food & Rural Affairs","Department for Environment, Food and Rural Affairs","FINANCE DIRECTORATE","03459 33 55 77","defra.helpline@defra.gsi.gov.uk","200046","637556","1.00","N/A","N/A","","Finance","LONDON","","1"
"200058","N/D","SCS1","DEF STRATEGIC, GOVERNANCE & RISK","No Function","Department for Environment Food & Rural Affairs","Department for Environment, Food and Rural Affairs","GROUP STRATEGY DIRECTORATE","03459 33 55 77","defra.helpline@defra.gsi.gov.uk","200054","3040716","1.00","N/A","N/A","","Policy","LONDON","","1"
"200059","N/D","SCS1","DEF SOLUTION ARCHITECTURE","Digital Data and Technology","Department for Environment Food & Rural Affairs","Department for Environment, Food and Rural Affairs","DIGITAL, DATA, TECHNOLOGY AND SECURITY DIRECTORATE","03459 33 55 77","defra.helpline@defra.gsi.gov.uk","200160","1281493","1.00","N/A","N/A","","Digital  Data and Technology","NORTH EAST","","1"
"200060","N/D","SCS1","DEF NATURAL CAPITAL & ECOSYSTEM ASSESSMENT (TERRESTRIAL)","Project Delivery","Department for Environment Food & Rural Affairs","Department for Environment, Food and Rural Affairs","ANALYSIS DIRECTORATE","03459 33 55 77","defra.helpline@defra.gsi.gov.uk","200067","1983284","1.00","N/A","N/A","","Project Management Delivery","UNKNOWN","","1"
"200062","N/D","SCS1","Equality","Human Resources","Department for Environment Food & Rural Affairs","Department for Environment, Food and Rural Affairs","HUMAN RESOURCES DIRECTORATE","03459 33 55 77","defra.helpline@defra.gsi.gov.uk","200149","2114677","1.00","N/A","N/A","","Human Resources","EAST MIDLANDS","","1"
"200063","N/D","SCS1","DEF HR BUSINESS MANAGEMENT AND SPECIALIST SERVICES","Human Resources","Department for Environment Food & Rural Affairs","Department for Environment, Food and Rural Affairs","HUMAN RESOURCES DIRECTORATE","03459 33 55 77","defra.helpline@defra.gsi.gov.uk","200149","0","1.00","N/A","N/A","","Human Resources","SOUTH EAST","","1"
"200065","N/D","SCS1","DEF CE PROGRAMME INCLUDING COMMS","Project Delivery","Department for Environment Food & Rural Affairs","Department for Environment, Food and Rural Affairs","CIRCULAR ECONOMY DIRECTORATE","03459 33 55 77","defra.helpline@defra.gsi.gov.uk","200180","2919032","1.00","N/A","N/A","","Project Management Delivery","LONDON","","1"
"200068","N/D","SCS1","DEF GIO Resources","Digital Data and Technology","Department for Environment Food & Rural Affairs","Department for Environment, Food and Rural Affairs","DIGITAL, DATA, TECHNOLOGY AND SECURITY DIRECTORATE","03459 33 55 77","defra.helpline@defra.gsi.gov.uk","200181","0","1.00","N/A","N/A","","Digital  Data and Technology","UNKNOWN","","1"
"200069","N/D","SCS1","DEF GIO Resources","Digital Data and Technology","Department for Environment Food & Rural Affairs","Department for Environment, Food and Rural Affairs","DIGITAL, DATA, TECHNOLOGY AND SECURITY DIRECTORATE","03459 33 55 77","defra.helpline@defra.gsi.gov.uk","200181","255403","1.00","N/A","N/A","","Digital  Data and Technology","YORKSHIRE AND THE HUMBER","","1"
"200070","N/D","SCS1","DEF NATURAL CAPITAL & ECOSYSTEM ASSESSMENT (TERRESTRIAL)","Project Delivery","Department for Environment Food & Rural Affairs","Department for Environment, Food and Rural Affairs","ANALYSIS DIRECTORATE","03459 33 55 77","defra.helpline@defra.gsi.gov.uk","200067","624160","1.00","N/A","N/A","","Statistics","SOUTH WEST","","1"
"200071","N/D","SCS1","DEF GCS STRATEGY AND GOVERNANCE","Project Delivery","Department for Environment Food & Rural Affairs","Department for Environment, Food and Rural Affairs","GCS STRATEGY, PARTNERSHIPS AND OPERATIONS DIRECTORATE","03459 33 55 77","defra.helpline@defra.gsi.gov.uk","200007","1246961","1.00","N/A","N/A","","Project Management Delivery","SOUTH EAST","","1"
"200073","N/D","SCS1","Security and Contingency Planning","Security","Department for Environment Food & Rural Affairs","Department for Environment, Food and Rural Affairs","DIGITAL, DATA, TECHNOLOGY AND SECURITY DIRECTORATE","03459 33 55 77","defra.helpline@defra.gsi.gov.uk","200157","2866601","1.00","N/A","N/A","","Security","LONDON","","1"
"200076","N/D","SCS1","DEF USER-CENTRED DESIGN","Digital Data and Technology","Department for Environment Food & Rural Affairs","Department for Environment, Food and Rural Affairs","DIGITAL, DATA, TECHNOLOGY AND SECURITY DIRECTORATE","03459 33 55 77","defra.helpline@defra.gsi.gov.uk","200160","424853","1.00","N/A","N/A","","Digital  Data and Technology","LONDON","","1"
"200078","N/D","SCS1","DEF STRATEGY WORKFORCE","Property","Department for Environment Food & Rural Affairs","Department for Environment, Food and Rural Affairs","DEFRA GROUP PROPERTY DIRECTORATE","03459 33 55 77","defra.helpline@defra.gsi.gov.uk","200203","1145146","1.00","N/A","N/A","","Property","WALES","","1"
"200079","N/D","SCS1","DEF SCAH CAPITAL PROGRAMME","Project Delivery","Department for Environment Food & Rural Affairs","Department for Environment, Food and Rural Affairs","NATIONAL BIOSECURITY CENTRE DIRECTORATE","03459 33 55 77","defra.helpline@defra.gsi.gov.uk","200029","0","1.00","N/A","N/A","","Project Management Delivery","UNKNOWN","","1"
"200082","N/D","SCS1","Air Quality & Industrial Emissions","Project Delivery","Department for Environment Food & Rural Affairs","Department for Environment, Food and Rural Affairs","ENVIRONMENT QUALITY DIRECTORATE","03459 33 55 77","defra.helpline@defra.gsi.gov.uk","200135","2817731","1.00","N/A","N/A","","Policy","LONDON","","1"
"200084","N/D","SCS1","DEF Strat Business Relationship Man","Digital Data and Technology","Department for Environment Food & Rural Affairs","Department for Environment, Food and Rural Affairs","DIGITAL, DATA, TECHNOLOGY AND SECURITY DIRECTORATE","03459 33 55 77","defra.helpline@defra.gsi.gov.uk","200264","0","1.00","N/A","N/A","","Digital  Data and Technology","LONDON","","1"
"200085","N/D","SCS1","FLS - Water Ongoing Function - Drinking Water Inspectorate","Unknown","Department for Environment Food & Rural Affairs","Department for Environment, Food and Rural Affairs","WATER AND FLOOD MANAGEMENT DIRECTORATE","03459 33 55 77","defra.helpline@defra.gsi.gov.uk","200210","2789834","1.00","N/A","N/A","","Science and Engineering","LONDON","","1"
"200088","N/D","SCS1","DEF DOMESTIC FISHERIES AND REFORM","No Function","Department for Environment Food & Rural Affairs","Department for Environment, Food and Rural Affairs","MARINE AND FISHERIES DIRECTORATE","03459 33 55 77","defra.helpline@defra.gsi.gov.uk","200091","1461503","1.00","N/A","N/A","","Policy","LONDON","","1"
"200089","N/D","SCS1","DEF SPS STRATEGY & CO-ORDINATION, ANIMAL IMPORTS & EU TRADE","Unknown","Department for Environment Food & Rural Affairs","Department for Environment, Food and Rural Affairs","ANIMAL AND PLANT HEALTH DIRECTORATE","03459 33 55 77","defra.helpline@defra.gsi.gov.uk","200083","2161144","0.59","N/A","N/A","","Policy","LONDON","","1"
"200090","N/D","SCS1","DEF FOOD CHAIN ANALYSIS & FARMING STATISTICS","Missing Data","Department for Environment Food & Rural Affairs","Department for Environment, Food and Rural Affairs","AGRI FOOD CHAIN DIRECTORATE","03459 33 55 77","defra.helpline@defra.gsi.gov.uk","200087","3386799","1.00","N/A","N/A","","Missing Data","YORKSHIRE AND THE HUMBER","","1"
"200095","N/D","SCS1","DEF LANDSCAPES","Missing Data","Department for Environment Food & Rural Affairs","Department for Environment, Food and Rural Affairs","STRATEGY, GOVERNANCE & CLIMATE DIRECTORATE","03459 33 55 77","defra.helpline@defra.gsi.gov.uk","200207","2557559","1.00","N/A","N/A","","Missing Data","LONDON","","1"
"200096","N/D","SCS1","DEF F&W - PROJECT TIMBER","Project Delivery","Department for Environment Food & Rural Affairs","Department for Environment, Food and Rural Affairs","WATER AND FLOOD MANAGEMENT DIRECTORATE","03459 33 55 77","defra.helpline@defra.gsi.gov.uk","200210","1135095","1.00","N/A","N/A","","Policy","LONDON","","1"
"200098","N/D","SCS1","DEF DOMESTIC MARINE","No Function","Department for Environment Food & Rural Affairs","Department for Environment, Food and Rural Affairs","MARINE AND FISHERIES DIRECTORATE","03459 33 55 77","defra.helpline@defra.gsi.gov.uk","200091","2510131","1.00","N/A","N/A","","Policy","LONDON","","1"
"200102","N/D","SCS1","DEF FFCP POLICY DESIGN","Missing Data","Department for Environment Food & Rural Affairs","Department for Environment, Food and Rural Affairs","ENVIRONMENTAL LAND MANAGEMENT DIRECTORATE","03459 33 55 77","defra.helpline@defra.gsi.gov.uk","200092","0","1.00","N/A","N/A","","Missing Data","LONDON","","1"
"200103","N/D","SCS1","DEF FIN OPS CFA","Finance","Department for Environment Food & Rural Affairs","Department for Environment, Food and Rural Affairs","FINANCE DIRECTORATE","03459 33 55 77","defra.helpline@defra.gsi.gov.uk","200237","3818137","1.00","N/A","N/A","","Finance","YORKSHIRE AND THE HUMBER","","1"
"200104","N/D","SCS1","DEF WINDSOR FRAMEWORK POWERS AND RESOURCES","Unknown","Department for Environment Food & Rural Affairs","Department for Environment, Food and Rural Affairs","TRADE DELIVERY DIRECTORATE","03459 33 55 77","defra.helpline@defra.gsi.gov.uk","200191","0","1.00","N/A","N/A","","Policy","LONDON","","1"
"200105","N/D","SCS1","DEF EU EXIT WORLD TRADE","No Function","Department for Environment Food & Rural Affairs","Department for Environment, Food and Rural Affairs","EU AND INTERNATIONAL TRADE DIRECTORATE","03459 33 55 77","defra.helpline@defra.gsi.gov.uk","200316","1508810","1.00","N/A","N/A","","Policy","WEST MIDLANDS","","1"
"200106","N/D","SCS1","DEF DDTS - CROSS CUTTING NON-TECHNICAL","Digital Data and Technology","Department for Environment Food & Rural Affairs","Department for Environment, Food and Rural Affairs","DIGITAL, DATA, TECHNOLOGY AND SECURITY DIRECTORATE","03459 33 55 77","defra.helpline@defra.gsi.gov.uk","200160","398814","1.00","N/A","N/A","","Digital  Data and Technology","UNKNOWN","","1"
"200107","N/D","SCS1","DEF GROWTH TECHNOLOGY & TRADE","Project Delivery","Department for Environment Food & Rural Affairs","Department for Environment, Food and Rural Affairs","AGRI FOOD CHAIN DIRECTORATE","03459 33 55 77","defra.helpline@defra.gsi.gov.uk","200087","2963339","1.00","N/A","N/A","","Operational Delivery","UNKNOWN","","1"
"200108","N/D","SCS1","DEF TRADE STRATEGY AND DELIVERY","No Function","Department for Environment Food & Rural Affairs","Department for Environment, Food and Rural Affairs","EU AND INTERNATIONAL TRADE DIRECTORATE","03459 33 55 77","defra.helpline@defra.gsi.gov.uk","200316","1984536","1.00","N/A","N/A","","International Trade and Negotiation","LONDON","","1"
"200109","N/D","SCS1","DEF EU EXIT PESTICIDES","Missing Data","Department for Environment Food & Rural Affairs","Department for Environment, Food and Rural Affairs","ENVIRONMENT QUALITY DIRECTORATE","03459 33 55 77","defra.helpline@defra.gsi.gov.uk","200135","1920826","1.00","N/A","N/A","","Missing Data","LONDON","","1"
"200110","N/D","SCS1","DEF SPS STRATEGY & CO-ORDINATION, ANIMAL IMPORTS & EU TRADE","No Function","Department for Environment Food & Rural Affairs","Department for Environment, Food and Rural Affairs","ANIMAL AND PLANT HEALTH DIRECTORATE","03459 33 55 77","defra.helpline@defra.gsi.gov.uk","200083","0","0.81","N/A","N/A","","Policy","LONDON","","1"
"200111","N/D","SCS1","DEF MARINE SYSTEM AND BUSINESS MANAGEMENT","Project Delivery","Department for Environment Food & Rural Affairs","Department for Environment, Food and Rural Affairs","MARINE AND FISHERIES DIRECTORATE","03459 33 55 77","defra.helpline@defra.gsi.gov.uk","200091","1641008","1.00","N/A","N/A","","Project Management Delivery","LONDON","","1"
"200112","N/D","SCS1","Strategic Evidence Partners","Analysis","Department for Environment Food & Rural Affairs","Department for Environment, Food and Rural Affairs","SCIENCE DIRECTORATE","03459 33 55 77","defra.helpline@defra.gsi.gov.uk","200297","0","0.80","N/A","N/A","","Science and Engineering","LONDON","","1"
"200114","N/D","SCS1","DEF UKCB GRANTS HUB","Finance","Department for Environment Food & Rural Affairs","Department for Environment, Food and Rural Affairs","FINANCE DIRECTORATE","03459 33 55 77","defra.helpline@defra.gsi.gov.uk","200075","572175","1.00","N/A","N/A","","Finance","EAST OF ENGLAND","","1"
"200115","N/D","SCS1","DEF EU FISHERIES POLICY & NEGOTIATION","Project Delivery","Department for Environment Food & Rural Affairs","Department for Environment, Food and Rural Affairs","MARINE AND FISHERIES DIRECTORATE","03459 33 55 77","defra.helpline@defra.gsi.gov.uk","200091","1600447","1.00","N/A","N/A","","Policy","LONDON","","1"
"200116","N/D","SCS1","Animal Health: Public Health","No Function","Department for Environment Food & Rural Affairs","Department for Environment, Food and Rural Affairs","ANIMAL AND PLANT HEALTH DIRECTORATE","03459 33 55 77","defra.helpline@defra.gsi.gov.uk","200083","2956192","0.70","N/A","N/A","","Policy","LONDON","","1"
"200118","N/D","SCS1","Plant Health","No Function","Department for Environment Food & Rural Affairs","Department for Environment, Food and Rural Affairs","ANIMAL AND PLANT HEALTH DIRECTORATE","03459 33 55 77","defra.helpline@defra.gsi.gov.uk","200083","3096467","1.00","N/A","N/A","","Policy","YORKSHIRE AND THE HUMBER","","1"
"200119","N/D","SCS1","DEF COMMUNICATIONS, STRATEGY & EXTERNAL AFFAIRS","Communications","Department for Environment Food & Rural Affairs","Department for Environment, Food and Rural Affairs","COMMUNICATIONS DIRECTORATE","03459 33 55 77","defra.helpline@defra.gsi.gov.uk","200231","2178623","1.00","N/A","N/A","","Communications","LONDON","","1"
"200123","N/D","SCS1","DEF ADAPTATION AND RURAL COMMUNITIES","No Function","Department for Environment Food & Rural Affairs","Department for Environment, Food and Rural Affairs","STRATEGY, GOVERNANCE & CLIMATE DIRECTORATE","03459 33 55 77","defra.helpline@defra.gsi.gov.uk","200207","1891598","1.00","N/A","N/A","","Policy","EAST OF ENGLAND","","1"
"200124","N/D","SCS1","Wildlife","Project Delivery","Department for Environment Food & Rural Affairs","Department for Environment, Food and Rural Affairs","BIODIVERSITY, LAND USE & INVESTMENT DIRECTORATE","03459 33 55 77","defra.helpline@defra.gsi.gov.uk","200140","2732534","1.00","N/A","N/A","","Policy","SOUTH WEST","","1"
"200127","N/D","SCS1","DEF LAND USE AND PLANNING","Project Delivery","Department for Environment Food & Rural Affairs","Department for Environment, Food and Rural Affairs","BIODIVERSITY, LAND USE & INVESTMENT DIRECTORATE","03459 33 55 77","defra.helpline@defra.gsi.gov.uk","200140","1070814","1.00","N/A","N/A","","Policy","LONDON","","1"
"200128","N/D","SCS1","Water Services","No Function","Department for Environment Food & Rural Affairs","Department for Environment, Food and Rural Affairs","WATER AND FLOOD MANAGEMENT DIRECTORATE","03459 33 55 77","defra.helpline@defra.gsi.gov.uk","200210","3156842","1.00","N/A","N/A","","Policy","LONDON","","1"
"200129","N/D","SCS1","DEF FFCP EVIDENCE & ANALYSIS","Analysis","Department for Environment Food & Rural Affairs","Department for Environment, Food and Rural Affairs","ENVIRONMENTAL LAND MANAGEMENT DIRECTORATE","03459 33 55 77","defra.helpline@defra.gsi.gov.uk","200092","3118968","0.78","N/A","N/A","","Economic","LONDON","","1"
"200130","N/D","SCS1","DEF PROTECTING THE MARINE ENVIRONMENT","No Function","Department for Environment Food & Rural Affairs","Department for Environment, Food and Rural Affairs","MARINE AND FISHERIES DIRECTORATE","03459 33 55 77","defra.helpline@defra.gsi.gov.uk","200091","1621640","1.00","N/A","N/A","","Policy","LONDON","","1"
"200134","N/D","SCS1","DEF EU EXIT CHEMICALS (REACH)","Unknown","Department for Environment Food & Rural Affairs","Department for Environment, Food and Rural Affairs","ENVIRONMENT QUALITY DIRECTORATE","03459 33 55 77","defra.helpline@defra.gsi.gov.uk","200135","476337","1.00","N/A","N/A","","Policy","LONDON","","1"
"200136","N/D","SCS1","DEF SCIENCE PROJECTS - MASTERPLAN / SCAH","Project Delivery","Department for Environment Food & Rural Affairs","Department for Environment, Food and Rural Affairs","NATIONAL BIOSECURITY CENTRE DIRECTORATE","03459 33 55 77","defra.helpline@defra.gsi.gov.uk","200029","0","0.47","N/A","N/A","","Science and Engineering","UNKNOWN","","1"
"200137","N/D","SCS1","DEF ENVIRONMENTAL SUSTAINABILITY","Missing Data","Department for Environment Food & Rural Affairs","Department for Environment, Food and Rural Affairs","AGRI FOOD CHAIN DIRECTORATE","03459 33 55 77","defra.helpline@defra.gsi.gov.uk","200087","2214523","0.80","N/A","N/A","","Missing Data","LONDON","","1"
"200138","N/D","SCS1","DEF DEVOLUTION & STRATEGIC BRIEFINGS","Missing Data","Department for Environment Food & Rural Affairs","Department for Environment, Food and Rural Affairs","MINISTERIAL, GROWTH AND RESILIENCE DIRECTORATE","03459 33 55 77","defra.helpline@defra.gsi.gov.uk","200205","2415747","1.00","N/A","N/A","","Missing Data","LONDON","","1"
"200144","N/D","SCS1","DEF WATER STRATEGY & LEGISLATION","No Function","Department for Environment Food & Rural Affairs","Department for Environment, Food and Rural Affairs","WATER AND FLOOD MANAGEMENT DIRECTORATE","03459 33 55 77","defra.helpline@defra.gsi.gov.uk","200210","5503190","1.00","N/A","N/A","","Policy","LONDON","","1"
"200145","N/D","SCS1","Water and CBRN Emergencies","Unknown","Department for Environment Food & Rural Affairs","Department for Environment, Food and Rural Affairs","WATER AND FLOOD MANAGEMENT DIRECTORATE","03459 33 55 77","defra.helpline@defra.gsi.gov.uk","200139","1586137","1.00","N/A","N/A","","Risk","LONDON","","1"
"200146","N/D","SCS1","DEF Office of CTO and Change Imp","Digital Data and Technology","Department for Environment Food & Rural Affairs","Department for Environment, Food and Rural Affairs","DIGITAL, DATA, TECHNOLOGY AND SECURITY DIRECTORATE","03459 33 55 77","defra.helpline@defra.gsi.gov.uk","200160","0","1.00","N/A","N/A","","Digital  Data and Technology","YORKSHIRE AND THE HUMBER","","1"
"200147","N/D","SCS1","DEF CE STRATEGY & SYSTEM REFORM","Project Delivery","Department for Environment Food & Rural Affairs","Department for Environment, Food and Rural Affairs","CIRCULAR ECONOMY DIRECTORATE","03459 33 55 77","defra.helpline@defra.gsi.gov.uk","200180","3287263","1.00","N/A","N/A","","Policy","WEST MIDLANDS","","1"
"200150","N/D","SCS1","DEF RPA Finance","Finance","Department for Environment Food & Rural Affairs","Department for Environment, Food and Rural Affairs","FINANCE DIRECTORATE","03459 33 55 77","defra.helpline@defra.gsi.gov.uk","200075","1281258","1.00","N/A","N/A","","Finance","UNKNOWN","","1"
"200154","N/D","SCS1","Environment 25 year plan","No Function","Department for Environment Food & Rural Affairs","Department for Environment, Food and Rural Affairs","STRATEGY, GOVERNANCE & CLIMATE DIRECTORATE","03459 33 55 77","defra.helpline@defra.gsi.gov.uk","200207","1491742","1.00","N/A","N/A","","Policy","LONDON","","1"
"200155","N/D","SCS1","DEF CENTRAL ANALYTICAL RESPONSE IMPROVEMENT AND SUPPORT","Analysis","Department for Environment Food & Rural Affairs","Department for Environment, Food and Rural Affairs","ANALYSIS DIRECTORATE","03459 33 55 77","defra.helpline@defra.gsi.gov.uk","200067","939090","1.00","N/A","N/A","","Economic","LONDON","","1"
"200156","N/D","SCS1","DEF RUN & MAINTAIN WORKFORCE","Property","Department for Environment Food & Rural Affairs","Department for Environment, Food and Rural Affairs","DEFRA GROUP PROPERTY DIRECTORATE","03459 33 55 77","defra.helpline@defra.gsi.gov.uk","200203","0","1.00","N/A","N/A","","Property","NORTH WEST","","1"
"200159","N/D","SCS1","DEF GIO Resources","Digital Data and Technology","Department for Environment Food & Rural Affairs","Department for Environment, Food and Rural Affairs","DIGITAL, DATA, TECHNOLOGY AND SECURITY DIRECTORATE","03459 33 55 77","defra.helpline@defra.gsi.gov.uk","200181","0","1.00","N/A","N/A","","Digital  Data and Technology","SOUTH EAST","","1"
"200161","N/D","SCS1","DEF SOFTWARE DEVELOPMENT","Digital Data and Technology","Department for Environment Food & Rural Affairs","Department for Environment, Food and Rural Affairs","DIGITAL, DATA, TECHNOLOGY AND SECURITY DIRECTORATE","03459 33 55 77","defra.helpline@defra.gsi.gov.uk","200160","20227781","1.00","N/A","N/A","","Digital  Data and Technology","NORTH WEST","","1"
"200166","N/D","SCS1","DEF FIN OPS SFO & BI","Finance","Department for Environment Food & Rural Affairs","Department for Environment, Food and Rural Affairs","FINANCE DIRECTORATE","03459 33 55 77","defra.helpline@defra.gsi.gov.uk","200237","2902168","1.00","N/A","N/A","","Finance","SOUTH WEST","","1"
"200167","N/D","SCS1","DEF FIN OPS MR","Finance","Department for Environment Food & Rural Affairs","Department for Environment, Food and Rural Affairs","FINANCE DIRECTORATE","03459 33 55 77","defra.helpline@defra.gsi.gov.uk","200237","3153299","0.96","N/A","N/A","","Finance","SOUTH WEST","","1"
"200168","N/D","SCS1","DEF FINANCIAL GOVERNANCE, INVESTMENTS AND INVESTIGATIONS","Finance","Department for Environment Food & Rural Affairs","Department for Environment, Food and Rural Affairs","FINANCE DIRECTORATE","03459 33 55 77","defra.helpline@defra.gsi.gov.uk","200075","1469618","1.00","N/A","N/A","","Finance","SOUTH WEST","","1"
"200170","N/D","SCS1","DEF GCS, STRATEGY, SCIENCE AND ANALYSIS FBP TEAM (CORE)","Finance","Department for Environment Food & Rural Affairs","Department for Environment, Food and Rural Affairs","FINANCE DIRECTORATE","03459 33 55 77","defra.helpline@defra.gsi.gov.uk","200046","1425936","1.00","N/A","N/A","","Finance","LONDON","","1"
"200172","N/D","SCS1","DEF NE HR","Human Resources","Department for Environment Food & Rural Affairs","Department for Environment, Food and Rural Affairs","HUMAN RESOURCES DIRECTORATE","03459 33 55 77","defra.helpline@defra.gsi.gov.uk","200149","504864","1.00","N/A","N/A","","Human Resources","SOUTH WEST","","1"
"200173","N/D","SCS1","Pay Reward and Employee Relations","Human Resources","Department for Environment Food & Rural Affairs","Department for Environment, Food and Rural Affairs","HUMAN RESOURCES DIRECTORATE","03459 33 55 77","defra.helpline@defra.gsi.gov.uk","200149","1357621","1.00","N/A","N/A","","Human Resources","SOUTH EAST","","1"
"200174","N/D","SCS1","DEF FOOD SECURITY & SUPPLY CHAIN","Missing Data","Department for Environment Food & Rural Affairs","Department for Environment, Food and Rural Affairs","AGRI FOOD CHAIN DIRECTORATE","03459 33 55 77","defra.helpline@defra.gsi.gov.uk","200087","2263402","1.00","N/A","N/A","","Missing Data","LONDON","","1"
"200178","N/D","SCS1","Water Programme - Water Quality","Project Delivery","Department for Environment Food & Rural Affairs","Department for Environment, Food and Rural Affairs","WATER AND FLOOD MANAGEMENT DIRECTORATE","03459 33 55 77","defra.helpline@defra.gsi.gov.uk","200210","0","1.00","N/A","N/A","","Policy","LONDON","","1"
"200185","N/D","SCS1","DEF EUDP PROGRAMME MANAGEMENT AND PMO","Project Delivery","Department for Environment Food & Rural Affairs","Department for Environment, Food and Rural Affairs","TRADE DELIVERY DIRECTORATE","03459 33 55 77","defra.helpline@defra.gsi.gov.uk","200191","5244628","0.60","N/A","N/A","","Project Management Delivery","NORTH EAST","","1"
"200186","N/D","SCS1","DEF DGP SPECIAL PROJECTS WORKFORCE","No Function","Department for Environment Food & Rural Affairs","Department for Environment, Food and Rural Affairs","DEFRA GROUP PROPERTY DIRECTORATE","03459 33 55 77","defra.helpline@defra.gsi.gov.uk","200203","653608","1.00","N/A","N/A","","Policy","LONDON","","1"
"200187","N/D","SCS1","Flood Risk Management","No Function","Department for Environment Food & Rural Affairs","Department for Environment, Food and Rural Affairs","WATER AND FLOOD MANAGEMENT DIRECTORATE","03459 33 55 77","defra.helpline@defra.gsi.gov.uk","200139","2104751","1.00","N/A","N/A","","Policy","LONDON","","1"
"200189","N/D","SCS1","DEF DG SUSTAINABILITY","Property","Department for Environment Food & Rural Affairs","Department for Environment, Food and Rural Affairs","DEFRA GROUP PROPERTY DIRECTORATE","03459 33 55 77","defra.helpline@defra.gsi.gov.uk","200203","1225834","1.00","N/A","N/A","","Other","UNKNOWN","","1"
"200192","N/D","SCS1","DEF F&W - SPECIAL PROJECTS","No Function","Department for Environment Food & Rural Affairs","Department for Environment, Food and Rural Affairs","WATER AND FLOOD MANAGEMENT DIRECTORATE","03459 33 55 77","defra.helpline@defra.gsi.gov.uk","200210","0","1.00","N/A","N/A","","Policy","LONDON","","1"
"200194","N/D","SCS1","DEF CONSTITUTION AND STRATEGIC PROJECTS","Missing Data","Department for Environment Food & Rural Affairs","Department for Environment, Food and Rural Affairs","MINISTERIAL, GROWTH AND RESILIENCE DIRECTORATE","03459 33 55 77","defra.helpline@defra.gsi.gov.uk","200205","2046278","1.00","N/A","N/A","","Missing Data","LONDON","","1"
"200195","N/D","SCS1","DEF FFCP DELIVERY & CORPORATE BUSINESS","Missing Data","Department for Environment Food & Rural Affairs","Department for Environment, Food and Rural Affairs","ENVIRONMENTAL LAND MANAGEMENT DIRECTORATE","03459 33 55 77","defra.helpline@defra.gsi.gov.uk","200092","1911978","1.00","N/A","N/A","","Missing Data","LONDON","","1"
"200197","N/D","SCS1","DEF USER-CENTRED DESIGN","Digital Data and Technology","Department for Environment Food & Rural Affairs","Department for Environment, Food and Rural Affairs","DIGITAL, DATA, TECHNOLOGY AND SECURITY DIRECTORATE","03459 33 55 77","defra.helpline@defra.gsi.gov.uk","200160","0","1.00","N/A","N/A","","Digital  Data and Technology","LONDON","","1"
"200199","N/D","SCS1","DEF NET ZERO AND F-GASES","No Function","Department for Environment Food & Rural Affairs","Department for Environment, Food and Rural Affairs","STRATEGY, GOVERNANCE & CLIMATE DIRECTORATE","03459 33 55 77","defra.helpline@defra.gsi.gov.uk","200207","1617509","1.00","N/A","N/A","","Policy","UNKNOWN","","1"
"200200","N/D","SCS1","DEF Internal Communications","Communications","Department for Environment Food & Rural Affairs","Department for Environment, Food and Rural Affairs","COMMUNICATIONS DIRECTORATE","03459 33 55 77","defra.helpline@defra.gsi.gov.uk","200231","3897417","1.00","N/A","N/A","","Communications","SOUTH WEST","","1"
"200201","N/D","SCS1","DEF EXTERNAL FISHERIES NEGOTIATION & TRADE","Analysis","Department for Environment Food & Rural Affairs","Department for Environment, Food and Rural Affairs","MARINE AND FISHERIES DIRECTORATE","03459 33 55 77","defra.helpline@defra.gsi.gov.uk","200091","1903078","1.00","N/A","N/A","","Policy","LONDON","","1"
"200204","N/D","SCS1","DEF ENABLING PROGRAMMES","Missing Data","Department for Environment Food & Rural Affairs","Department for Environment, Food and Rural Affairs","CHANGE DELIVERY DIRECTORATE","03459 33 55 77","defra.helpline@defra.gsi.gov.uk","200231","630556","1.00","N/A","N/A","","Missing Data","NORTH EAST","","1"
"200211","N/D","SCS1","DEF GREEN FINANCE BAU","No Function","Department for Environment Food & Rural Affairs","Department for Environment, Food and Rural Affairs","BIODIVERSITY, LAND USE & INVESTMENT DIRECTORATE","03459 33 55 77","defra.helpline@defra.gsi.gov.uk","200140","1470616","1.00","N/A","N/A","","Policy","LONDON","","1"
"200212","N/D","SCS1","DEF INTERNATIONAL BIODIVERSITY & WILDLIFE","No Function","Department for Environment Food & Rural Affairs","Department for Environment, Food and Rural Affairs","INTERNATIONAL BIODIVERSITY AND CLIMATE DIRECTORATE","03459 33 55 77","defra.helpline@defra.gsi.gov.uk","200184","1808030","1.00","N/A","N/A","","Policy","LONDON","","1"
"200214","N/D","SCS1","DEF EUDP EVIDENCE AND ANALYSIS","Analysis","Department for Environment Food & Rural Affairs","Department for Environment, Food and Rural Affairs","TRADE DELIVERY DIRECTORATE","03459 33 55 77","defra.helpline@defra.gsi.gov.uk","200191","1817994","1.00","N/A","N/A","","Economic","LONDON","","1"
"200215","N/D","SCS1","DEF Strat Business Relationship Man","Missing Data","Department for Environment Food & Rural Affairs","Department for Environment, Food and Rural Affairs","DIGITAL, DATA, TECHNOLOGY AND SECURITY DIRECTORATE","03459 33 55 77","defra.helpline@defra.gsi.gov.uk","200264","0","1.00","N/A","N/A","","Missing Data","SOUTH WEST","","1"
"200216","N/D","SCS1","DEF OUTCOMES PROGRAMME AND ACTIVITY","No Function","Department for Environment Food & Rural Affairs","Department for Environment, Food and Rural Affairs","GROUP STRATEGY DIRECTORATE","03459 33 55 77","defra.helpline@defra.gsi.gov.uk","200054","0","1.00","N/A","N/A","","Policy","YORKSHIRE AND THE HUMBER","","1"
"200217","N/D","SCS1","DEF EU EXIT ENVIRONMENTAL REGULATIONS PORTFOLIO","Missing Data","Department for Environment Food & Rural Affairs","Department for Environment, Food and Rural Affairs","ENVIRONMENT QUALITY DIRECTORATE","03459 33 55 77","defra.helpline@defra.gsi.gov.uk","200131","0","1.00","N/A","N/A","","Missing Data","LONDON","","1"
"200219","N/D","SCS1","DEF NORTHERN IRELAND PROGRAMME AND CORPORATE MANAGEMENT","Project Delivery","Department for Environment Food & Rural Affairs","Department for Environment, Food and Rural Affairs","TRADE DELIVERY DIRECTORATE","03459 33 55 77","defra.helpline@defra.gsi.gov.uk","200191","1698173","1.00","N/A","N/A","","Project Management Delivery","LONDON","","1"
"200220","N/D","SCS1","DEF PORTFOLIO PROJECT DATA","Digital Data and Technology","Department for Environment Food & Rural Affairs","Department for Environment, Food and Rural Affairs","PORTFOLIO DIRECTORATE","03459 33 55 77","defra.helpline@defra.gsi.gov.uk","200267","906141","1.00","N/A","N/A","","Digital  Data and Technology","EAST OF ENGLAND","","1"
"200227","N/D","SCS1","DEF DEPOSIT RETURN SCHEME","Project Delivery","Department for Environment Food & Rural Affairs","Department for Environment, Food and Rural Affairs","CIRCULAR ECONOMY DIRECTORATE","03459 33 55 77","defra.helpline@defra.gsi.gov.uk","200180","1227704","1.00","N/A","N/A","","Project Management Delivery","LONDON","","1"
"200228","N/D","SCS1","DEF IBC DIRECTORATE SUPPORT","No Function","Department for Environment Food & Rural Affairs","Department for Environment, Food and Rural Affairs","INTERNATIONAL BIODIVERSITY AND CLIMATE DIRECTORATE","03459 33 55 77","defra.helpline@defra.gsi.gov.uk","200184","0","1.00","N/A","N/A","","Policy","LONDON","","1"
"200229","N/D","SCS1","Private Offices: Defra","Project Delivery","Department for Environment Food & Rural Affairs","Department for Environment, Food and Rural Affairs","MINISTERIAL, GROWTH AND RESILIENCE DIRECTORATE","03459 33 55 77","defra.helpline@defra.gsi.gov.uk","200205","0","1.00","N/A","N/A","","Policy","LONDON","","1"
"200232","N/D","SCS1","DEF CONSISTENT WASTE COLLECTION","Analysis","Department for Environment Food & Rural Affairs","Department for Environment, Food and Rural Affairs","CIRCULAR ECONOMY DIRECTORATE","03459 33 55 77","defra.helpline@defra.gsi.gov.uk","200180","2595815","1.00","N/A","N/A","","Economic","LONDON","","1"
"200235","N/D","SCS1","DEF HR DIGITAL & AUTOMATION","Human Resources","Department for Environment Food & Rural Affairs","Department for Environment, Food and Rural Affairs","HUMAN RESOURCES DIRECTORATE","03459 33 55 77","defra.helpline@defra.gsi.gov.uk","200283","1153704","1.00","N/A","N/A","","Digital  Data and Technology","LONDON","","1"
"200236","N/D","SCS1","DEF INTERNATIONAL SCIENCE, EVIDENCE AND ANALYSIS","No Function","Department for Environment Food & Rural Affairs","Department for Environment, Food and Rural Affairs","INTERNATIONAL BIODIVERSITY AND CLIMATE DIRECTORATE","03459 33 55 77","defra.helpline@defra.gsi.gov.uk","200184","1202508","1.00","N/A","N/A","","Science and Engineering","LONDON","","1"
"200238","N/D","SCS1","DEF EPR SCHEME ADMINISTRATOR","Project Delivery","Department for Environment Food & Rural Affairs","Department for Environment, Food and Rural Affairs","PEPR DIRECTORATE","03459 33 55 77","defra.helpline@defra.gsi.gov.uk","200301","1844149","1.00","N/A","N/A","","Digital  Data and Technology","NORTH WEST","","1"
"200239","N/D","SCS1","DEF EMERGENCY OPERATIONS CENTRE - COVID19","Unknown","Department for Environment Food & Rural Affairs","Department for Environment, Food and Rural Affairs","MINISTERIAL, GROWTH AND RESILIENCE DIRECTORATE","03459 33 55 77","defra.helpline@defra.gsi.gov.uk","200205","0","0.65","N/A","N/A","","Policy","LONDON","","1"
"200240","N/D","SCS1","DEF RPA HR","Human Resources","Department for Environment Food & Rural Affairs","Department for Environment, Food and Rural Affairs","HUMAN RESOURCES DIRECTORATE","03459 33 55 77","defra.helpline@defra.gsi.gov.uk","200080","771507","1.00","N/A","N/A","","Human Resources","LONDON","","1"
"200241","N/D","SCS1","DEF EMERGENCY OPERATIONS CENTRE - COVID19","Unknown","Department for Environment Food & Rural Affairs","Department for Environment, Food and Rural Affairs","MINISTERIAL, GROWTH AND RESILIENCE DIRECTORATE","03459 33 55 77","defra.helpline@defra.gsi.gov.uk","200205","1737580","0.65","N/A","N/A","","Science and Engineering","LONDON","","1"
"200243","N/D","SCS1","DEF Strat Business Relationship Man","Digital Data and Technology","Department for Environment Food & Rural Affairs","Department for Environment, Food and Rural Affairs","DIGITAL, DATA, TECHNOLOGY AND SECURITY DIRECTORATE","03459 33 55 77","defra.helpline@defra.gsi.gov.uk","200264","1742499","1.00","N/A","N/A","","Digital  Data and Technology","LONDON","","1"
"200244","N/D","SCS1","DEF HR BUSINESS MANAGEMENT AND SPECIALIST SERVICES","Human Resources","Department for Environment Food & Rural Affairs","Department for Environment, Food and Rural Affairs","HUMAN RESOURCES DIRECTORATE","03459 33 55 77","defra.helpline@defra.gsi.gov.uk","200149","1002655","1.00","N/A","N/A","","Human Resources","WEST MIDLANDS","","1"
"200246","N/D","SCS1","DEF IMPORTS, EXPORTS & EU TRADE","No Function","Department for Environment Food & Rural Affairs","Department for Environment, Food and Rural Affairs","ANIMAL AND PLANT HEALTH DIRECTORATE","03459 33 55 77","defra.helpline@defra.gsi.gov.uk","200083","3261739","1.00","N/A","N/A","","Veterinary","LONDON","","1"
"200251","N/D","SCS1","DEF GIO Resources","Project Delivery","Department for Environment Food & Rural Affairs","Department for Environment, Food and Rural Affairs","DIGITAL, DATA, TECHNOLOGY AND SECURITY DIRECTORATE","03459 33 55 77","defra.helpline@defra.gsi.gov.uk","200181","0","1.00","N/A","N/A","","Digital  Data and Technology","SOUTH WEST","","1"
"200252","N/D","SCS1","DEF COMMUNICATIONS CAMPAIGNS","Communications","Department for Environment Food & Rural Affairs","Department for Environment, Food and Rural Affairs","COMMUNICATIONS DIRECTORATE","03459 33 55 77","defra.helpline@defra.gsi.gov.uk","200231","902833","1.00","N/A","N/A","","Communications","LONDON","","1"
"200253","N/D","SCS1","DEF DEFRA GROUP SHARED SERVICE TEAM","Missing Data","Department for Environment Food & Rural Affairs","Department for Environment, Food and Rural Affairs","GCS STRATEGY, PARTNERSHIPS AND OPERATIONS DIRECTORATE","03459 33 55 77","defra.helpline@defra.gsi.gov.uk","200007","2385404","1.00","N/A","N/A","","Missing Data","SOUTH WEST","","1"
"200260","N/D","SCS1","DEF DDTS - CROSS CUTTING NON-TECHNICAL","Digital Data and Technology","Department for Environment Food & Rural Affairs","Department for Environment, Food and Rural Affairs","DIGITAL, DATA, TECHNOLOGY AND SECURITY DIRECTORATE","03459 33 55 77","defra.helpline@defra.gsi.gov.uk","200160","0","1.00","N/A","N/A","","Digital  Data and Technology","YORKSHIRE AND THE HUMBER","","1"
"200263","N/D","SCS1","DEF FLS-ODA STAFF MARINE","No Function","Department for Environment Food & Rural Affairs","Department for Environment, Food and Rural Affairs","OFFICIAL DEVELOPMENT ASSISTANCE DIRECTORATE","03459 33 55 77","defra.helpline@defra.gsi.gov.uk","200184","0","0.90","N/A","N/A","","Policy","LONDON","","1"
"200265","N/D","SCS1","DEF STRATEGIC FINANCE TEAM","Finance","Department for Environment Food & Rural Affairs","Department for Environment, Food and Rural Affairs","FINANCE DIRECTORATE","03459 33 55 77","defra.helpline@defra.gsi.gov.uk","200075","599746","1.00","N/A","N/A","","Finance","SOUTH WEST","","1"
"200266","N/D","SCS1","DEF FOOD SUPPLY CHAIN ADJUDICATORS OFFICE","Missing Data","Department for Environment Food & Rural Affairs","Department for Environment, Food and Rural Affairs","AGRI FOOD CHAIN DIRECTORATE","03459 33 55 77","defra.helpline@defra.gsi.gov.uk","200077","0","0.60","N/A","N/A","","Missing Data","LONDON","","1"
"200269","N/D","SCS1","DEF FORESTRY","Project Delivery","Department for Environment Food & Rural Affairs","Department for Environment, Food and Rural Affairs","BIODIVERSITY, LAND USE & INVESTMENT DIRECTORATE","03459 33 55 77","defra.helpline@defra.gsi.gov.uk","200140","2371157","1.00","N/A","N/A","","Policy","YORKSHIRE AND THE HUMBER","","1"
"200277","N/D","SCS1","DEF HSS & WELLBEING WORKFORCE","Property","Department for Environment Food & Rural Affairs","Department for Environment, Food and Rural Affairs","DEFRA GROUP PROPERTY DIRECTORATE","03459 33 55 77","defra.helpline@defra.gsi.gov.uk","200203","1355357","1.00","N/A","N/A","","Property","NORTH EAST","","1"
"200279","N/D","SCS1","DEF EA BUSINESS FINANCE OPERATIONS","Finance","Department for Environment Food & Rural Affairs","Department for Environment, Food and Rural Affairs","FINANCE DIRECTORATE","03459 33 55 77","defra.helpline@defra.gsi.gov.uk","200075","0","1.00","N/A","N/A","","Finance","LONDON","","1"
"200280","N/D","SCS1","DEF SCIENCE PROJECTS - MASTERPLAN / SCAH","No Function","Department for Environment Food & Rural Affairs","Department for Environment, Food and Rural Affairs","NATIONAL BIOSECURITY CENTRE DIRECTORATE","03459 33 55 77","defra.helpline@defra.gsi.gov.uk","200029","0","1.00","N/A","N/A","","Project Management Delivery","SOUTH EAST","","1"
"200281","N/D","SCS1","Office of the Director of Analysis","Analysis","Department for Environment Food & Rural Affairs","Department for Environment, Food and Rural Affairs","ANALYSIS DIRECTORATE","03459 33 55 77","defra.helpline@defra.gsi.gov.uk","200067","1691998","0.69","N/A","N/A","","Operational Research","NORTH EAST","","1"
"200282","N/D","SCS1","Office of the Director of Analysis","Analysis","Department for Environment Food & Rural Affairs","Department for Environment, Food and Rural Affairs","ANALYSIS DIRECTORATE","03459 33 55 77","defra.helpline@defra.gsi.gov.uk","200067","0","0.68","N/A","N/A","","Economic","LONDON","","1"
"200285","N/D","SCS1","DEF NE Finance","Finance","Department for Environment Food & Rural Affairs","Department for Environment, Food and Rural Affairs","FINANCE DIRECTORATE","03459 33 55 77","defra.helpline@defra.gsi.gov.uk","200075","750909","1.00","N/A","N/A","","Finance","YORKSHIRE AND THE HUMBER","","1"
"200286","N/D","SCS1","DEF INTERNATIONAL NATURE, CLIMATE & DEVELOPMENT","No Function","Department for Environment Food & Rural Affairs","Department for Environment, Food and Rural Affairs","INTERNATIONAL BIODIVERSITY AND CLIMATE DIRECTORATE","03459 33 55 77","defra.helpline@defra.gsi.gov.uk","200184","656783","1.00","N/A","N/A","","Policy","LONDON","","1"
"200287","N/D","SCS1","DEF INTERNATIONAL STRATEGIC ENGAGEMENT AND MULTILATERALS","No Function","Department for Environment Food & Rural Affairs","Department for Environment, Food and Rural Affairs","INTERNATIONAL BIODIVERSITY AND CLIMATE DIRECTORATE","03459 33 55 77","defra.helpline@defra.gsi.gov.uk","200184","1442516","1.00","N/A","N/A","","Policy","LONDON","","1"
"200288","N/D","SCS1","News and External Communications","Communications","Department for Environment Food & Rural Affairs","Department for Environment, Food and Rural Affairs","COMMUNICATIONS DIRECTORATE","03459 33 55 77","defra.helpline@defra.gsi.gov.uk","200231","1504934","1.00","N/A","N/A","","Communications","LONDON","","1"
"200289","N/D","SCS1","Marine and Fisheries Evidence","Missing Data","Department for Environment Food & Rural Affairs","Department for Environment, Food and Rural Affairs","MARINE AND FISHERIES DIRECTORATE","03459 33 55 77","defra.helpline@defra.gsi.gov.uk","200091","2446333","1.00","N/A","N/A","","Missing Data","SOUTH WEST","","1"
"200293","N/D","SCS1","DEF INTERNATIONAL NATURE, CLIMATE & DEVELOPMENT","Project Delivery","Department for Environment Food & Rural Affairs","Department for Environment, Food and Rural Affairs","INTERNATIONAL BIODIVERSITY AND CLIMATE DIRECTORATE","03459 33 55 77","defra.helpline@defra.gsi.gov.uk","200180","29715","1.00","N/A","N/A","","Policy","LONDON","","1"
"200295","N/D","SCS1","DEF FOOD SUPPLY CHAIN ADJUDICATORS OFFICE","Commercial","Department for Environment Food & Rural Affairs","Department for Environment, Food and Rural Affairs","AGRI FOOD CHAIN DIRECTORATE","03459 33 55 77","defra.helpline@defra.gsi.gov.uk","200077","0","0.60","N/A","N/A","","Property","NORTH EAST","","1"
"200296","N/D","SCS1","DEF DEFRA TRANSFORMATION","Missing Data","Department for Environment Food & Rural Affairs","Department for Environment, Food and Rural Affairs","HUMAN RESOURCES DIRECTORATE","03459 33 55 77","defra.helpline@defra.gsi.gov.uk","200149","2488937","1.00","N/A","N/A","","Missing Data","SOUTH WEST","","1"
"200298","N/D","SCS1","DEF EU EXIT ENV GOV BODY AND STATEMENT OF ENV PRINCIPLES","No Function","Department for Environment Food & Rural Affairs","Department for Environment, Food and Rural Affairs","STRATEGY, GOVERNANCE & CLIMATE DIRECTORATE","03459 33 55 77","defra.helpline@defra.gsi.gov.uk","200207","0","1.00","N/A","N/A","","Policy","SOUTH WEST","","1"
"200299","N/D","SCS1","DEF SCIENCE WORKFORCE","Property","Department for Environment Food & Rural Affairs","Department for Environment, Food and Rural Affairs","DEFRA GROUP PROPERTY DIRECTORATE","03459 33 55 77","defra.helpline@defra.gsi.gov.uk","200203","1625489","1.00","N/A","N/A","","Operational Delivery","SOUTH EAST","","1"
"200300","N/D","SCS1","DEF RUN & MAINTAIN WORKFORCE","Missing Data","Department for Environment Food & Rural Affairs","Department for Environment, Food and Rural Affairs","DEFRA GROUP PROPERTY DIRECTORATE","03459 33 55 77","defra.helpline@defra.gsi.gov.uk","200203","4329578","1.00","N/A","N/A","","Missing Data","LONDON","","1"
"200302","N/D","SCS1","Water Services","No Function","Department for Environment Food & Rural Affairs","Department for Environment, Food and Rural Affairs","WATER AND FLOOD MANAGEMENT DIRECTORATE","03459 33 55 77","defra.helpline@defra.gsi.gov.uk","200210","0","1.00","N/A","N/A","","Policy","UNKNOWN","","1"
"200304","N/D","SCS1","DEF ADII BUSINESS MANAGEMENT","Missing Data","Department for Environment Food & Rural Affairs","Department for Environment, Food and Rural Affairs","DIGITAL, DATA, TECHNOLOGY AND SECURITY DIRECTORATE","03459 33 55 77","defra.helpline@defra.gsi.gov.uk","200234","1014825","1.00","N/A","N/A","","Missing Data","SOUTH WEST","","1"
"200305","N/D","SCS1","DEF ADII BUSINESS MANAGEMENT","Digital Data and Technology","Department for Environment Food & Rural Affairs","Department for Environment, Food and Rural Affairs","DIGITAL, DATA, TECHNOLOGY AND SECURITY DIRECTORATE","03459 33 55 77","defra.helpline@defra.gsi.gov.uk","200234","1043898","1.00","N/A","N/A","","Digital  Data and Technology","LONDON","","1"
"200306","N/D","SCS1","DEF GCS DATA AND ANALYTICS","Digital Data and Technology","Department for Environment Food & Rural Affairs","Department for Environment, Food and Rural Affairs","GCS STRATEGY, PARTNERSHIPS AND OPERATIONS DIRECTORATE","03459 33 55 77","defra.helpline@defra.gsi.gov.uk","200007","1259775","1.00","N/A","N/A","","Digital  Data and Technology","YORKSHIRE AND THE HUMBER","","1"
"200308","N/D","SCS1","DEF SPS BORDERS AND BOUNDARIES","Project Delivery","Department for Environment Food & Rural Affairs","Department for Environment, Food and Rural Affairs","TRADE DELIVERY DIRECTORATE","03459 33 55 77","defra.helpline@defra.gsi.gov.uk","200191","0","1.00","N/A","N/A","","Project Management Delivery","LONDON","","1"
"200309","N/D","SCS1","DEF EU DELIVERY","Missing Data","Department for Environment Food & Rural Affairs","Department for Environment, Food and Rural Affairs","TRADE DELIVERY DIRECTORATE","03459 33 55 77","defra.helpline@defra.gsi.gov.uk","200191","0","1.00","N/A","N/A","","Missing Data","SOUTH WEST","","1"
"200310","N/D","SCS1","DEF EUDP PROGRAMME MANAGEMENT AND PMO","Missing Data","Department for Environment Food & Rural Affairs","Department for Environment, Food and Rural Affairs","TRADE DELIVERY DIRECTORATE","03459 33 55 77","defra.helpline@defra.gsi.gov.uk","200191","0","1.00","N/A","N/A","","Missing Data","SOUTH WEST","","1"
"200311","N/D","SCS1","DEF F&W EVIDENCE","Missing Data","Department for Environment Food & Rural Affairs","Department for Environment, Food and Rural Affairs","WATER AND FLOOD MANAGEMENT DIRECTORATE","03459 33 55 77","defra.helpline@defra.gsi.gov.uk","200139","1627808","1.00","N/A","N/A","","Missing Data","LONDON","","1"
"200312","N/D","SCS1","DEF HR WATER","Human Resources","Department for Environment Food & Rural Affairs","Department for Environment, Food and Rural Affairs","HUMAN RESOURCES DIRECTORATE","03459 33 55 77","defra.helpline@defra.gsi.gov.uk","200149","0","1.00","N/A","N/A","","Human Resources","SOUTH WEST","","1"
"200313","N/D","SCS1","DEF COO & DG OFFICE WORKFORCE","Property","Department for Environment Food & Rural Affairs","Department for Environment, Food and Rural Affairs","DEFRA GROUP PROPERTY DIRECTORATE","03459 33 55 77","defra.helpline@defra.gsi.gov.uk","200203","2097240","1.00","N/A","N/A","","Project Management Delivery","UNKNOWN","","1"
"200314","N/D","SCS1","Private Offices: Defra","Missing Data","Department for Environment Food & Rural Affairs","Department for Environment, Food and Rural Affairs","MINISTERIAL, GROWTH AND RESILIENCE DIRECTORATE","03459 33 55 77","defra.helpline@defra.gsi.gov.uk","200205","1602429","1.00","N/A","N/A","","Missing Data","LONDON","","1"
"200315","N/D","SCS1","DEF Strat Business Relationship Man","Missing Data","Department for Environment Food & Rural Affairs","Department for Environment, Food and Rural Affairs","DIGITAL, DATA, TECHNOLOGY AND SECURITY DIRECTORATE","03459 33 55 77","defra.helpline@defra.gsi.gov.uk","200264","0","0.92","N/A","N/A","","Missing Data","SOUTH WEST","","1"
"200317","N/D","SCS1","DEF EU EXIT EUIT ANALYSIS","Analysis","Department for Environment Food & Rural Affairs","Department for Environment, Food and Rural Affairs","EU AND INTERNATIONAL TRADE DIRECTORATE","03459 33 55 77","defra.helpline@defra.gsi.gov.uk","200316","2569697","1.00","N/A","N/A","","Economic","LONDON","","1"
"200318","N/D","SCS1","Animal and Plant Health Evidence Analysis","Analysis","Department for Environment Food & Rural Affairs","Department for Environment, Food and Rural Affairs","ANIMAL AND PLANT HEALTH DIRECTORATE","03459 33 55 77","defra.helpline@defra.gsi.gov.uk","200316","0","0.80","N/A","N/A","","Operational Research","YORKSHIRE AND THE HUMBER","","1"
"200320","N/D","SCS1","DEF EA BUSINESS FINANCE OPERATIONS","Missing Data","Department for Environment Food & Rural Affairs","Department for Environment, Food and Rural Affairs","FINANCE DIRECTORATE","03459 33 55 77","defra.helpline@defra.gsi.gov.uk","200075","1186408","1.00","N/A","N/A","","Missing Data","LONDON","","1"
"200046","N/D","SCS1","DEF FBT AND PORTFOLIO FBP TEAM (CORE)","Finance","Department for Environment Food & Rural Affairs","Department for Environment, Food and Rural Affairs","FINANCE DIRECTORATE","03459 33 55 77","defra.helpline@defra.gsi.gov.uk","200075","3263419","1.00","N/A","N/A","","Finance","SOUTH WEST","","1"
"200080","N/D","SCS1","DEF HR BUSINESS MANAGEMENT OFFICE","Human Resources","Department for Environment Food & Rural Affairs","Department for Environment, Food and Rural Affairs","HUMAN RESOURCES DIRECTORATE","03459 33 55 77","defra.helpline@defra.gsi.gov.uk","200149","2050377","1.00","N/A","N/A","","Human Resources","YORKSHIRE AND THE HUMBER","","1"
"200131","N/D","SCS1","DEF EU EXIT ENVIRONMENTAL REGULATIONS PORTFOLIO","Missing Data","Department for Environment Food & Rural Affairs","Department for Environment, Food and Rural Affairs","ENVIRONMENT QUALITY DIRECTORATE","03459 33 55 77","defra.helpline@defra.gsi.gov.uk","200135","1289286","0.68","N/A","N/A","","Missing Data","LONDON","","1"
"200234","N/D","SCS1","DEF ADII BUSINESS MANAGEMENT","Digital Data and Technology","Department for Environment Food & Rural Affairs","Department for Environment, Food and Rural Affairs","DIGITAL, DATA, TECHNOLOGY AND SECURITY DIRECTORATE","03459 33 55 77","defra.helpline@defra.gsi.gov.uk","200157","911205","1.00","N/A","N/A","","Digital  Data and Technology","EAST OF ENGLAND","","1"
"200283","N/D","SCS1","APHA HR","Human Resources","Department for Environment Food & Rural Affairs","Department for Environment, Food and Rural Affairs","HUMAN RESOURCES DIRECTORATE","03459 33 55 77","defra.helpline@defra.gsi.gov.uk","200149","471809","1.00","N/A","N/A","","Human Resources","LONDON","","1"
"200284","N/D","SCS1","DEF EA HR","Human Resources","Department for Environment Food & Rural Affairs","Department for Environment, Food and Rural Affairs","HUMAN RESOURCES DIRECTORATE","03459 33 55 77","defra.helpline@defra.gsi.gov.uk","200149","630556","1.00","N/A","N/A","","Human Resources","LONDON","","1"
